{
  "name" : "Bycountry",
  "description" : "Show by country",
  "type" : "NLPIntent",
  "trackingId" : "73019725-81A1-4E40-B22B-F134E971B0F1",
  "intentParameters" : [ {
    "name" : "COUNTRYcountry to search by",
    "required" : true,
    "entity" : "COUNTRY",
    "trackingId" : "C5D05724-2271-4C73-91DE-7931E468A571"
  } ],
  "exampleData" : [ {
    "sentence" : "Country US",
    "trackingId" : "CDE8FCF6-A291-4680-A00D-D67C4C1E30B8",
    "translated" : null,
    "detectedLanguage" : null,
    "translatedLanguage" : null,
    "translatedBy" : null,
    "exampleEntities" : [ ]
  }, {
    "sentence" : "Show country FI",
    "trackingId" : "ED3EBBD6-876B-47E0-8058-AD40D05B95CE",
    "translated" : null,
    "detectedLanguage" : null,
    "translatedLanguage" : null,
    "translatedBy" : null,
    "exampleEntities" : [ ]
  }, {
    "sentence" : "Get country FI",
    "trackingId" : "DA220A9C-7242-4D10-A07F-9A0FE518F9E7",
    "translated" : null,
    "detectedLanguage" : null,
    "translatedLanguage" : null,
    "translatedBy" : null,
    "exampleEntities" : [ ]
  }, {
    "sentence" : "Country FI",
    "trackingId" : "52663987-9F56-4D8D-86F7-3FC44F3F334D",
    "translated" : null,
    "detectedLanguage" : null,
    "translatedLanguage" : null,
    "translatedBy" : null,
    "exampleEntities" : [ ]
  } ],
  "autoCompleteData" : [ ]
}