{
  "name" : "Countries",
  "description" : "Shows countries to select from",
  "type" : "NLPIntent",
  "trackingId" : "BC30F9C5-A6DB-4C7E-968B-D717F8F06571",
  "intentParameters" : [ {
    "name" : "COUNTRYcountry to search by",
    "required" : true,
    "entity" : "COUNTRY",
    "trackingId" : "61DF730F-509C-4897-B2C7-7EAA12F6E441"
  } ],
  "exampleData" : [ {
    "sentence" : "All countries",
    "trackingId" : "FF2F16A4-A773-4D53-9C22-D005870947BA",
    "translated" : null,
    "detectedLanguage" : null,
    "translatedLanguage" : null,
    "translatedBy" : null,
    "exampleEntities" : [ ]
  }, {
    "sentence" : "Show countries",
    "trackingId" : "4A0344BD-BE75-40C7-80A6-3762ACCC809B",
    "translated" : null,
    "detectedLanguage" : null,
    "translatedLanguage" : null,
    "translatedBy" : null,
    "exampleEntities" : [ ]
  }, {
    "sentence" : "Countries",
    "trackingId" : "AD7B63FE-E4B9-49E9-883B-174FA0E2F0CB",
    "translated" : null,
    "detectedLanguage" : null,
    "translatedLanguage" : null,
    "translatedBy" : null,
    "exampleEntities" : [ ]
  }, {
    "sentence" : "Get countries",
    "trackingId" : "B7F9479E-67F4-48A1-A946-ECEF2BFA3B3D",
    "translated" : null,
    "detectedLanguage" : null,
    "translatedLanguage" : null,
    "translatedBy" : null,
    "exampleEntities" : [ ]
  } ],
  "autoCompleteData" : [ ]
}